{"cameraMode":{"drawMode":0,"name":"Shaded","section":"Shading Mode"},"sceneLighting":false,"audioPlay":false,"sceneViewState":{"m_AlwaysRefresh":false,"showFog":true,"showSkybox":false,"showFlares":true,"showImageEffects":true,"showParticleSystems":true,"showVisualEffectGraphs":true,"m_FxEnabled":true},"in2DMode":false,"pivot":{"x":-0.015019599348306656,"y":0.05043811723589897,"z":0.019303377717733384},"rotation":{"x":-0.26584818959236147,"y":0.6057190895080566,"z":-0.22509750723838807,"w":-0.7153562903404236},"size":0.026742594316601754,"orthographic":false}